animal_name,hair,feathers,eggs,milk,airborne,aquatic,predator,toothed,backbone,breathes,venomous,fins,legs,tail,domestic,catsize,class_type
turtle,0,0,1,0,0,1,0,0,1,1,0,0,4,1,1,1,3
chameleon,0,0,1,0,0,0,0,1,1,1,0,0,4,1,1,0,3
iguana,0,0,1,0,0,0,1,1,1,1,0,0,4,1,1,1,3
lizard,0,0,1,0,0,0,1,1,1,1,0,0,4,1,0,0,3
gecko,0,0,1,0,0,0,0,1,1,1,0,0,4,1,1,0,3
python,0,0,1,0,0,0,1,1,1,1,1,0,0,1,0,1,3
boa,0,0,1,0,0,0,1,1,1,1,0,0,0,1,0,1,3
adder,0,0,1,0,0,0,1,1,1,1,1,0,0,1,0,1,3
crocodile,0,0,1,0,0,1,1,1,1,1,0,0,4,1,0,1,3
alligator,0,0,1,0,0,1,1,1,1,1,0,0,4,1,0,1,3
gharial,0,0,1,0,0,1,1,1,1,1,0,0,4,1,0,1,3
skink,0,0,1,0,0,0,0,1,1,1,0,0,4,1,0,0,3
anchovy,0,0,1,0,0,1,0,0,1,0,0,1,0,1,0,0,4
flounder,0,0,1,0,0,1,0,0,1,0,0,1,0,1,0,1,4
halibut,0,0,1,0,0,1,0,0,1,0,0,1,0,1,0,1,4
mackerel,0,0,1,0,0,1,0,0,1,0,0,1,0,1,0,1,4
barracuda,0,0,1,0,0,1,1,1,1,0,0,1,0,1,0,1,4
marlin,0,0,1,0,0,1,0,0,1,0,0,1,0,1,0,1,4
trout,0,0,1,0,0,1,0,0,1,0,0,1,0,1,0,1,4
salamander,0,0,1,0,0,1,0,1,1,1,0,0,4,1,1,0,5
siren,0,0,1,0,0,1,0,1,1,1,0,0,2,1,0,0,5
tree frog,0,0,1,0,0,1,0,1,1,1,0,0,4,0,0,0,5
dart frog,0,0,1,0,0,1,0,1,1,1,0,0,4,0,0,0,5
firebelly,0,0,1,0,0,1,0,1,1,1,0,0,4,0,0,0,5
wart toad,0,0,1,0,0,1,0,1,1,1,0,0,4,0,0,0,5
mosquito,0,0,1,0,1,0,0,0,0,1,0,0,6,0,0,0,6
hornet,0,0,1,0,1,0,1,0,0,1,1,0,6,0,0,0,6
cricket,0,0,1,0,0,0,0,0,0,1,0,0,6,0,0,0,6
beetle,0,0,1,0,0,0,0,0,0,1,0,0,6,0,0,0,6
butterfly,1,0,1,0,1,0,0,0,0,1,0,0,6,0,0,0,6
palmetto,0,0,1,0,1,0,1,0,0,1,0,0,6,0,0,0,6
cockroach,0,0,1,0,0,0,0,0,0,1,0,0,6,0,0,0,6
mantis,0,0,1,0,0,0,1,0,0,1,0,0,6,0,0,0,6
dragonfly,0,0,1,0,1,0,0,0,0,1,0,0,6,0,0,0,6
aphid,0,0,1,0,0,0,0,0,0,1,0,0,6,0,0,0,6
cicada,0,0,1,0,1,0,0,0,0,1,0,0,6,0,0,0,6
antlion,0,0,1,0,1,0,0,0,0,1,0,0,6,0,0,0,6
scallop,0,0,1,0,0,1,0,0,0,0,0,0,0,0,0,0,7
spider,0,0,1,0,0,0,1,1,0,1,1,0,8,0,0,0,7
snail,0,0,1,0,0,0,0,0,0,1,0,0,0,0,0,0,7
silkworm,0,0,1,0,0,0,0,0,0,1,0,0,0,0,0,0,7
jellyfish,0,0,1,0,0,1,0,0,0,0,1,0,0,0,0,1,7
squid,0,0,1,0,0,1,0,0,0,0,0,0,0,0,0,1,7
anta,1,0,0,1,0,0,0,1,1,1,0,0,4,0,0,0,1
ariranha,1,0,0,1,0,1,1,1,1,1,0,1,4,1,0,0,1
boto-cor-de-rosa,0,0,0,1,0,1,1,1,1,1,0,1,0,1,0,0,1
bugio,1,0,0,1,0,0,0,1,1,1,0,0,4,1,0,0,1
cachorro-vinagre,1,0,0,1,0,0,1,1,1,1,0,0,4,1,0,1,1
chimpanze,1,0,0,1,0,0,1,1,1,1,0,0,4,1,1,0,1
gato-maracaja,1,0,0,1,0,0,1,1,1,1,0,0,4,1,0,1,1
jaguatirica,1,0,0,1,0,0,1,1,1,1,0,0,4,1,0,0,1
lobo-guara,1,0,0,1,0,0,1,1,1,1,0,0,4,1,0,0,1
macaco-aranha,1,0,0,1,0,0,0,1,1,1,0,0,4,1,0,1,1
macaco-barrigudo,1,0,0,1,0,0,0,1,1,1,0,0,4,1,0,0,1
mico-leao-dourado,1,0,0,1,0,0,0,1,1,1,0,0,4,1,1,1,1
mono-carvoeiro,1,0,0,1,0,0,0,1,1,1,0,0,4,1,0,0,1
onca-pintada,1,0,0,1,0,0,1,1,1,1,0,0,4,1,0,0,1
orangotango,1,0,0,1,0,0,0,1,1,1,0,0,4,1,1,0,1
peixe-boi,1,0,0,1,0,1,0,1,1,1,0,1,2,1,0,0,1
queixada,1,0,0,1,0,0,1,1,1,1,0,0,4,1,0,1,1
tamandua-bandeira,1,0,0,1,0,0,0,0,1,1,0,0,4,1,0,0,1
urso-de-oculos,1,0,0,1,0,0,1,1,1,1,0,0,4,0,0,0,1
aguia-cinzenta,0,1,1,0,1,0,1,0,1,1,0,0,2,1,0,0,2
aracari-banana,0,1,1,0,1,0,0,0,1,1,0,0,2,1,0,0,2
arara-azul,0,1,1,0,1,0,0,0,1,1,0,0,2,1,0,1,2
arara-caninde,0,1,1,0,1,0,0,0,1,1,0,0,2,1,0,1,2
chaua,0,1,1,0,1,0,0,0,1,1,0,0,2,1,1,1,2
ema,0,1,1,0,0,0,0,0,1,1,0,0,2,0,0,0,2
gaviao-pombo,0,1,1,0,1,0,1,0,1,1,0,0,2,1,0,1,2
guara,0,1,1,0,1,1,0,0,1,1,0,0,2,1,0,1,2
harpia,0,1,1,0,1,0,1,0,1,1,0,0,2,1,0,0,2
jacurutu,0,1,1,0,1,0,1,0,1,1,0,0,2,1,0,1,2
jacutinga,0,1,1,0,1,0,0,0,1,1,0,0,2,1,0,1,2
jandaia-amarela,0,1,1,0,1,0,0,0,1,1,0,0,2,1,0,0,2
macuco,0,1,1,0,0,0,0,0,1,1,0,0,2,0,0,1,2
murucututu,0,1,1,0,1,0,1,0,1,1,0,0,2,1,0,1,2
mutum,0,1,1,0,0,0,0,0,1,1,0,0,2,1,0,1,2
papagaio-de-cara-roxa,0,1,1,0,1,0,0,0,1,1,0,0,2,1,1,1,2
pato-de-crista,0,1,1,0,1,1,0,0,1,1,0,0,2,1,0,1,2
pavo,0,1,1,0,1,0,0,0,1,1,0,0,2,1,0,1,2
tucano-de-bico-preto,0,1,1,0,1,0,0,0,1,1,0,0,2,1,0,1,2
urubu-rei,0,1,1,0,1,0,1,0,1,1,0,0,2,1,0,0,2
cobra-cipo,0,0,1,0,0,0,1,1,1,1,0,0,0,1,0,0,3
jabuti,0,0,1,0,0,1,0,0,1,1,0,0,4,0,1,1,3
jacare-coroa,0,0,1,0,0,1,1,1,1,1,0,0,4,1,0,0,3
jararaca-ilhoa,0,0,1,0,0,0,1,1,1,1,1,0,0,1,0,0,3
jiboia,0,0,1,0,0,0,1,1,1,1,0,0,0,1,0,0,3
sucuri,0,0,1,0,0,1,1,1,1,1,0,0,0,1,0,0,3
tracaja,0,0,1,0,0,1,0,0,1,1,0,0,4,0,1,0,3
urutu-cruzeiro,0,0,1,0,0,0,1,1,1,1,1,0,0,1,0,0,3
baiacu,0,0,1,0,0,1,0,1,1,0,1,1,0,1,0,0,4
cascudinho-de-caverna,0,0,1,0,0,1,0,1,1,0,0,1,0,1,1,0,4
lambari,0,0,1,0,0,1,0,1,1,0,0,1,0,1,1,0,4
matrinxa,0,0,1,0,0,1,1,1,1,0,0,1,0,1,0,0,4
pirarucu,0,0,1,0,0,1,1,1,1,1,0,1,0,1,0,0,4
raia-chita,0,0,1,0,0,1,1,1,1,0,1,1,0,1,0,1,4
tambaqui,0,0,1,0,0,1,0,1,1,0,0,1,0,1,0,0,4
tubarao-raposa,0,0,1,0,0,1,1,1,1,0,0,1,0,1,0,0,4
perereca-de-alcatrazes,0,0,1,0,0,1,0,0,1,1,0,0,4,0,0,0,5
ra-flecha-azul,0,0,1,0,0,1,0,0,1,1,1,0,4,0,0,0,5
ra-pimenta,0,0,1,0,0,1,0,0,1,1,0,0,4,0,0,0,5
sapo-barriga-de-fogo,0,0,1,0,0,1,0,0,1,1,0,0,4,0,1,0,5
sapo-cururu,0,0,1,0,0,1,1,1,1,1,1,0,4,0,0,0,5
sapo-de-chifre,0,0,1,0,0,1,1,1,1,1,0,0,4,0,0,1,5
abelha,1,0,1,0,1,0,0,0,0,1,1,0,6,0,0,0,6
joaninha,0,0,1,0,1,0,0,0,0,1,0,0,6,0,0,0,6
mariposa,1,0,1,0,1,0,0,0,0,1,0,0,6,0,0,0,6
pirilampo,0,0,1,0,1,0,0,0,0,1,0,0,6,0,0,0,6
vespa,0,0,1,0,1,0,1,0,0,1,1,0,6,0,0,0,6
bicho-pau,0,0,1,0,0,0,0,0,0,1,0,0,6,0,0,0,7
caracol-da-mata-atlantica,0,0,1,0,0,0,0,0,0,1,0,0,0,0,0,0,7
caranguejeira,1,0,1,0,0,0,1,0,0,1,1,0,8,0,0,0,7
sauva-limao,1,0,1,0,0,0,1,0,0,1,1,0,6,0,0,0,7
